ID,Job Title,Email Address,FirstName LastName,New column,New column,New column,New column,New column
1,Food Technologist,Sofie_Salt7832@vetan.org,Sofie Salt,Sofie_Salt9978@bulaffy.com,746-48-5701,Female,5640-4002-4120-8163,"Armory  Alley, 235"
2,IT Support Staff,Felicity_Oatway9759@vetan.org,Felicity Oatway,Felicity_Oatway2350@fuliss.net,848-33-3655,Female,5406-4075-7447-5670,"Sherlock   Crossroad, 7457"
3,Staffing Consultant,Lucas_Lee488@twace.org,Lucas Lee,Lucas_Lee8036@iatim.tech,785-25-0125,Male,2861-3664-0815-3277,"Fawn Pass, 1683"
4,Bellman,Adina_Stewart4404@infotech44.tech,Adina Stewart,Adina_Stewart6886@liret.org,287-44-1077,Female,6154-5083-1523-6230,"Beaumont  Lane, 6613"
5,Design Engineer,Marvin_Trent5276@kideod.biz,Marvin Trent,Marvin_Trent5299@liret.org,363-24-0805,Male,6446-0618-8240-3811,"Hickory   Way, 5857"
6,Business Broker,Dasha_Rust8587@irrepsy.com,Dasha Rust,Dasha_Rust6590@typill.biz,263-72-7554,Female,4234-5426-3341-3323,"Carlisle  Grove, 6278"
7,Electrician,Darlene_Avery9634@qater.org,Darlene Avery,Darlene_Avery2173@grannar.com,411-62-6002,Female,8456-0022-1384-7618,"Canon Grove, 2254"
8,Health Educator,Adelaide_Vince9810@naiker.biz,Adelaide Vince,Adelaide_Vince6100@liret.org,514-33-8227,Female,6521-5675-8245-3657,"Coleman  Walk, 2105"
9,Clerk,Doug_Emerson8308@mafthy.com,Doug Emerson,Doug_Emerson1646@nickia.com,055-54-2837,Male,7684-3736-0767-4530,"Belfort  Avenue, 7101"
10,Health Educator,Bob_Griffiths570@typill.biz,Bob Griffiths,Bob_Griffiths289@gmail.com,503-43-6740,Male,6111-0438-2082-4535,"Becklow  Way, 2889"
11,Auditor,Cadence_Keys4770@brety.org,Cadence Keys,Cadence_Keys7352@nickia.com,230-60-3682,Female,8280-1583-3570-6822,"Spruce Boulevard, 131"
12,Call Center Representative,Tyson_Stone 8891@famism.biz,Tyson Stone ,Tyson_Stone 4837@atink.com,387-65-1072,Male,1613-0317-2613-7638,"Arbutus   Drive, 5371"
13,Steward,Bart_Paterson4136@vetan.org,Bart Paterson,Bart_Paterson4809@gompie.com,718-61-8845,Male,4501-0770-8002-5602,"Underwood  Street, 1491"
14,Assistant Buyer,Abdul_Higgs7587@twipet.com,Abdul Higgs,Abdul_Higgs7145@bretoux.com,004-71-7083,Male,7027-3534-5425-7663,"Bayberry Street, 7264"
15,Accountant,Josh_Stevenson5095@sheye.org,Josh Stevenson,Josh_Stevenson87@corti.com,283-57-5741,Male,1201-2510-3171-7371,"Colombo   Vale, 9103"
16,Machine Operator,Carl_Chappell1782@twace.org,Carl Chappell,Carl_Chappell5334@jiman.org,848-01-5428,Male,6020-3376-0106-5165,"Sundown Street, 806"
17,Loan Officer,Aurelia_Oakley3786@eirey.tech,Aurelia Oakley,Aurelia_Oakley6170@elnee.tech,054-30-8560,Female,6264-4032-2763-5221,"Elia   Rue, 6562"
18,Service Supervisor,Manuel_Gordon9428@naiker.biz,Manuel Gordon,Manuel_Gordon699@gompie.com,786-04-5858,Male,3403-1066-6020-7070,"Chandos  Walk, 8454"
19,Treasurer,Samantha_Fulton4785@mafthy.com,Samantha Fulton,Samantha_Fulton3168@cispeto.com,726-56-3752,Female,8670-2003-6061-4716,"Norland  Avenue, 6785"
20,Budget Analyst,Shelby_Moore4869@bulaffy.com,Shelby Moore,Shelby_Moore4553@ovock.tech,346-83-5370,Female,3453-1727-6684-8738,"Clavell   Road, 1518"
21,Baker,Javier_Pond1290@gompie.com,Javier Pond,Javier_Pond7913@extex.org,024-08-0608,Male,5385-6168-8575-4336,"Coal Wharf  Way, 2248"
22,Webmaster,Denis_Janes8695@tonsy.org,Denis Janes,Denis_Janes5189@liret.org,604-17-3755,Male,3681-1511-3605-1817,"Bazely   Hill, 7800"
23,Bellman,Chadwick_Khan9717@ovock.tech,Chadwick Khan,Chadwick_Khan9534@corti.com,402-67-6478,Male,5311-6661-0748-8127,"Clifton  Street, 16"
24,Food Technologist,Cara_Shaw1451@nimogy.biz,Cara Shaw,Cara_Shaw1236@twace.org,028-61-1551,Female,7253-7708-4013-0126,"Blackheath   Tunnel, 4793"
25,Dentist,Jamie_Stanton6356@deavo.com,Jamie Stanton,Jamie_Stanton9180@atink.com,136-34-1268,Female,1120-1108-6163-3721,"Boleyn  Avenue, 3953"
26,Inspector,Ron_Umney7449@bungar.biz,Ron Umney,Ron_Umney5188@deavo.com,651-74-3320,Male,0724-5063-6080-3162,"Waite  Grove, 4446"
27,Cook,Cara_Stevens4972@ubusive.com,Cara Stevens,Cara_Stevens4068@cispeto.com,320-84-2875,Female,1251-3146-6180-1187,"Bush  Rue, 9502"
28,Bookkeeper,Dorothy_Snow5007@bretoux.com,Dorothy Snow,Dorothy_Snow488@iatim.tech,047-43-1181,Female,0182-6524-3180-5328,"Dunstans  Boulevard, 9753"
29,Restaurant Manager,Michaela_Henderson5872@acrit.org,Michaela Henderson,Michaela_Henderson2579@bulaffy.com,558-81-7064,Female,8058-8886-0732-4670,"Oxford Way, 2141"
30,Front Desk Coordinator,Kirsten_Young7446@vetan.org,Kirsten Young,Kirsten_Young9011@kideod.biz,162-56-6842,Female,0183-8234-3121-1644,"Champion  Way, 565"
31,Stockbroker,Eryn_Duvall4877@deavo.com,Eryn Duvall,Eryn_Duvall9302@bauros.biz,255-51-4583,Female,3440-1261-0540-1824,"Fairbairn  Way, 7272"
32,Audiologist,Anne_Horton5739@atink.com,Anne Horton,Anne_Horton8894@brety.org,505-47-0231,Female,3513-2622-1452-6601,"East Crossroad, 6573"
33,CNC Operator,Tom_Thorpe5454@twace.org,Tom Thorpe,Tom_Thorpe1508@elnee.tech,060-85-0838,Male,7105-3830-2384-5636,"Erindale Avenue, 4943"
34,Clerk,Rebecca_Dwyer2621@liret.org,Rebecca Dwyer,Rebecca_Dwyer5343@sveldo.biz,401-63-0546,Female,7588-4774-4025-8337,"Shepherds  Road, 5595"
35,Bookkeeper,Francesca_May8524@guentu.biz,Francesca May,Francesca_May202@deons.tech,544-01-6078,Female,3032-6647-8173-4348,"Geary   Crossroad, 4414"
36,Laboratory Technician,Kate_Zaoui7188@tonsy.org,Kate Zaoui,Kate_Zaoui9887@dionrab.com,007-75-4328,Female,6063-0882-2014-2013,"Ellerslie Route, 4002"
37,Executive Director,Tony_Alexander6230@supunk.biz,Tony Alexander,Tony_Alexander6889@sveldo.biz,217-11-5777,Male,4005-3888-5765-1487,"Buttonwood Grove, 5967"
38,Business Broker,Nancy_Shepherd7938@vetan.org,Nancy Shepherd,Nancy_Shepherd615@kideod.biz,888-31-3553,Female,0217-6773-5031-2232,"Lexington Way, 5231"
39,Cashier,Greta_Ashley4800@fuliss.net,Greta Ashley,Greta_Ashley9706@muall.tech,341-48-5421,Female,4314-3800-6660-8800,"Abourne   Drive, 1127"
40,Machine Operator,Eve_Mooney1817@elnee.tech,Eve Mooney,Eve_Mooney8351@elnee.tech,445-68-1801,Female,1782-3228-2524-7851,"Cato   Rue, 6819"
41,Banker,Aeris_Stanton5341@mafthy.com,Aeris Stanton,Aeris_Stanton6576@nanoff.biz,868-07-7540,Female,4343-1021-8551-7723,"Archery  Grove, 541"
42,Audiologist,Mandy_Sherwood1153@bretoux.com,Mandy Sherwood,Mandy_Sherwood2845@supunk.biz,545-14-4062,Female,2603-3504-7817-4313,"Cecilia  Rue, 8137"
43,Health Educator,Percy_Tutton7134@nickia.com,Percy Tutton,Percy_Tutton6480@bretoux.com,316-70-8116,Male,8016-5432-6828-0538,"Bendall   Pass, 1854"
44,Cash Manager,Johnathan_Larkin3071@mafthy.com,Johnathan Larkin,Johnathan_Larkin4116@dionrab.com,008-22-4375,Male,8754-3860-4003-0238,"Falconberg   Pass, 2402"
45,Treasurer,Leilani_Reynolds4505@twipet.com,Leilani Reynolds,Leilani_Reynolds2119@zorer.org,584-56-6268,Female,2770-2120-6857-2555,"Rivervalley Lane, 8914"
46,Fabricator,Alan_Plant307@yahoo.com,Alan Plant,Alan_Plant751@ovock.tech,326-74-4358,Male,1587-4521-7680-1237,"Bazely   Grove, 767"
47,Insurance Broker,Tyler_Redwood1838@zorer.org,Tyler Redwood,Tyler_Redwood7049@bulaffy.com,113-80-6122,Male,7658-7230-3144-6284,"Cleaver Rue, 1033"
48,Insurance Broker,Cassandra_Alexander6978@sveldo.biz,Cassandra Alexander,Cassandra_Alexander1105@kideod.biz,782-80-0736,Female,5877-1443-6308-4341,"Kimberley  Street, 8854"
49,Loan Officer,Kirsten_Ramsey7937@womeona.net,Kirsten Ramsey,Kirsten_Ramsey1354@deons.tech,143-78-1056,Female,5541-2363-7374-7154,"Black Swan  Hill, 7588"
50,Bellman,Alessandra_Harris3808@acrit.org,Alessandra Harris,Alessandra_Harris9803@jiman.org,416-47-7725,Female,6548-3661-6521-3347,"Vintners  Tunnel, 3411"
51,Business Broker,Denis_Blackburn1546@tonsy.org,Denis Blackburn,Denis_Blackburn2644@deons.tech,805-07-0007,Male,2552-1530-2638-8258,"Chambers  Tunnel, 9156"
52,Cash Manager,Courtney_Lyon5919@naiker.biz,Courtney Lyon,Courtney_Lyon1260@deons.tech,431-23-5515,Female,2827-1746-8133-8071,"Parkfield  Road, 5026"
53,HR Specialist,Peter_Vaughn5098@zorer.org,Peter Vaughn,Peter_Vaughn6459@atink.com,302-21-8153,Male,4185-8786-1404-2156,"Bell    Pass, 8540"
54,Machine Operator,Colleen_Ogilvy7278@atink.com,Colleen Ogilvy,Colleen_Ogilvy6660@muall.tech,714-63-4407,Female,8050-6610-8716-3747,"Dunstans  Drive, 4910"
55,Restaurant Manager,Chad_Bullock1522@sveldo.biz,Chad Bullock,Chad_Bullock5245@nickia.com,660-61-6015,Male,7822-5274-0652-5044,"Chamberlain  Grove, 4729"
56,Webmaster,Kieth_Rees616@kideod.biz,Kieth Rees,Kieth_Rees3792@zorer.org,000-35-7558,Male,3413-6060-4002-5556,"Ely  Rue, 8077"
57,Retail Trainee,Manuel_Morrow3728@hourpy.biz,Manuel Morrow,Manuel_Morrow3695@famism.biz,384-83-4268,Male,4784-8827-6446-8087,"Balfe   Road, 5304"
58,Stockbroker,Michael_Hill9566@acrit.org,Michael Hill,Michael_Hill1049@yahoo.com,156-27-6427,Male,2288-4085-5030-4222,"Spruce Grove, 9683"
59,Bellman,Marvin_Doherty9222@atink.com,Marvin Doherty,Marvin_Doherty1976@yahoo.com,150-37-0007,Male,2243-3605-0140-5802,"Adelaide  Walk, 863"
60,CNC Operator,Ema_Middleton211@brety.org,Ema Middleton,Ema_Middleton9675@mafthy.com,548-42-4541,Female,0647-2005-1003-5618,"Thorndike   Rue, 3757"
61,Physician,Chanelle_Ranks999@supunk.biz,Chanelle Ranks,Chanelle_Ranks1053@nanoff.biz,514-84-8721,Female,4672-4584-2822-2081,"Oxford Road, 3528"
62,Front Desk Coordinator,Nick_Redwood8794@irrepsy.com,Nick Redwood,Nick_Redwood3572@vetan.org,054-63-0288,Male,6004-5118-2840-3678,"Woodland Tunnel, 268"
63,Loan Officer,Remy_Drake9806@hourpy.biz,Remy Drake,Remy_Drake8575@brety.org,271-01-0438,Female,7620-8141-0268-3208,"West Way, 9449"
64,Laboratory Technician,Martin_Yates4033@guentu.biz,Martin Yates,Martin_Yates913@deons.tech,820-72-7604,Male,4855-7758-2388-1584,"Coborn  Vale, 1826"
65,Auditor,Daphne_Egerton880@grannar.com,Daphne Egerton,Daphne_Egerton8492@fuliss.net,441-61-4175,Female,2271-3550-8138-7657,"St. Johs  Walk, 3402"
66,Cook,Roger_Wilkinson7806@deons.tech,Roger Wilkinson,Roger_Wilkinson5044@deons.tech,664-86-2167,Male,7441-8565-5531-3834,"Fair Walk, 1991"
67,Pharmacist,Rhea_Brooks5441@bungar.biz,Rhea Brooks,Rhea_Brooks3321@elnee.tech,166-58-6462,Female,8442-1476-5354-1635,"Fairfield  Tunnel, 7388"
68,Food Technologist,Daria_Greenwood2033@gompie.com,Daria Greenwood,Daria_Greenwood9201@bulaffy.com,833-71-1652,Female,1740-7287-5482-3218,"Commercial  Walk, 6854"
69,Investment  Advisor,Ivy_Torres6254@zorer.org,Ivy Torres,Ivy_Torres2528@liret.org,433-30-0733,Female,4186-3838-5805-1388,"East Avenue, 4455"
70,Loan Officer,Maxwell_Uttridge938@joiniaa.com,Maxwell Uttridge,Maxwell_Uttridge5122@nanoff.biz,072-58-7726,Male,1867-6121-7104-1638,"Bicknell  Tunnel, 2858"
71,Stockbroker,Daron_Harper8034@acrit.org,Daron Harper,Daron_Harper469@elnee.tech,317-30-1125,Male,7283-8530-4652-0048,"Clarks  Lane, 8541"
72,Auditor,Ruby_Edley7840@qater.org,Ruby Edley,Ruby_Edley107@extex.org,682-04-6100,Female,1864-6737-1177-0013,"Vintners  Crossroad, 3029"
73,Retail Trainee,Erica_Uddin5714@vetan.org,Erica Uddin,Erica_Uddin967@liret.org,604-70-4600,Female,5152-8681-7827-0226,"Fairfield  Alley, 6276"
74,Designer,Alexander_Reid5833@nickia.com,Alexander Reid,Alexander_Reid7639@nickia.com,273-38-1275,Male,2270-3618-7014-2053,"Battersea   Lane, 7998"
75,Dentist,Martin_Murphy318@iatim.tech,Martin Murphy,Martin_Murphy2863@cispeto.com,425-74-6017,Male,8603-5764-6437-4020,"Battersea   Hill, 6303"
76,Bookkeeper,Molly_Bryson2367@brety.org,Molly Bryson,Molly_Bryson6462@gembat.biz,267-27-7511,Female,1473-4861-5654-4545,"Bendall   Road, 5365"
77,Service Supervisor,Julius_Jobson6097@cispeto.com,Julius Jobson,Julius_Jobson8229@zorer.org,240-88-1280,Male,6243-0075-6226-2155,"Carolina  Crossroad, 4667"
78,Retail Trainee,Candice_Graham505@kideod.biz,Candice Graham,Candice_Graham6325@iatim.tech,753-15-3687,Female,1750-8655-4283-2444,"Cadogan  Way, 7963"
79,Chef Manager,Tom_Weatcroft4429@yahoo.com,Tom Weatcroft,Tom_Weatcroft9650@joiniaa.com,053-41-7530,Male,3210-4836-4375-1611,"Chartham  Way, 2329"
80,Designer,Aurelia_Chadwick3216@cispeto.com,Aurelia Chadwick,Aurelia_Chadwick9931@nanoff.biz,765-60-3523,Female,3800-6455-4352-0481,"Longleigh   Rue, 2843"
81,Service Supervisor,Oliver_Thomas7589@gompie.com,Oliver Thomas,Oliver_Thomas9492@bungar.biz,562-54-7475,Male,2343-6054-4607-7688,"Oxford Pass, 8386"
82,Investment  Advisor,Clint_Fox6102@extex.org,Clint Fox,Clint_Fox8248@gembat.biz,714-46-2842,Male,7147-1018-7845-4578,"Blackheath  Drive, 7322"
83,Banker,Makena_Waterson8392@deavo.com,Makena Waterson,Makena_Waterson3934@infotech44.tech,224-71-6235,Female,5035-6186-2576-7106,"Carnegie   Walk, 3796"
84,Assistant Buyer,Doris_Savage1282@guentu.biz,Doris Savage,Doris_Savage6084@eirey.tech,028-22-1548,Female,0218-1461-5437-4048,"Fieldstone Way, 4686"
85,Cash Manager,Johnathan_Terry9476@guentu.biz,Johnathan Terry,Johnathan_Terry3722@twipet.com,354-15-1345,Male,2460-0207-2776-2600,"Bingham   Road, 3648"
86,Investment  Advisor,Margot_Lucas2050@bretoux.com,Margot Lucas,Margot_Lucas5585@deons.tech,366-05-7710,Female,1230-0544-5270-5431,"Archery  Lane, 1302"
87,Physician,Courtney_Bradshaw1930@brety.org,Courtney Bradshaw,Courtney_Bradshaw1118@grannar.com,728-44-0246,Female,1132-6622-3015-3380,"Boldero   Boulevard, 3533"
88,Doctor,John_Mcgee1087@deavo.com,John Mcgee,John_Mcgee1736@bauros.biz,628-38-5136,Male,4601-8303-1745-4781,"Ben   Pass, 8332"
89,Accountant,Kaylee_Olson9119@grannar.com,Kaylee Olson,Kaylee_Olson337@acrit.org,628-10-1365,Female,6288-6422-1614-6644,"Enford   Route, 9817"
90,Web Developer,Blake_Ulyatt267@twipet.com,Blake Ulyatt,Blake_Ulyatt671@tonsy.org,633-10-2823,Female,1582-5321-2526-5586,"Abbotswell  Road, 785"
91,Paramedic,Julius_Stevens3518@mafthy.com,Julius Stevens,Julius_Stevens9240@typill.biz,511-64-0527,Male,7525-8048-0761-2781,"North Road, 5300"
92,Call Center Representative,Johnathan_Rixon5326@mafthy.com,Johnathan Rixon,Johnathan_Rixon9661@dionrab.com,765-83-1654,Male,7851-3510-4727-3047,"Ellerman   Boulevard, 1514"
93,Machine Operator,Kate_Ward9997@nimogy.biz,Kate Ward,Kate_Ward1821@gmail.com,738-42-4310,Female,6205-3006-8344-4234,"Blomfield  Alley, 8209"
94,Production Painter,Aiden_Kelly2213@ubusive.com,Aiden Kelly,Aiden_Kelly7199@vetan.org,303-88-4710,Male,2287-2667-2750-6722,"Besson  Boulevard, 1967"
95,Paramedic,Alan_Oliver4367@deavo.com,Alan Oliver,Alan_Oliver7091@grannar.com,350-60-2327,Male,1364-3888-2246-5450,"Arlington  Vale, 911"
96,Cook,Elena_Kent1946@acrit.org,Elena Kent,Elena_Kent2704@bretoux.com,156-35-3478,Female,4427-4330-5850-0121,"Canon Boulevard, 789"
97,Budget Analyst,Carl_Farrow6820@bauros.biz,Carl Farrow,Carl_Farrow4018@womeona.net,882-15-5556,Male,6060-1636-0441-4116,"Endsleigh  Crossroad, 4028"
98,Budget Analyst,Gil_Cox8706@corti.com,Gil Cox,Gil_Cox1258@acrit.org,683-45-5242,Male,6346-8678-7310-8561,"Tilloch   Boulevard, 6856"
99,Service Supervisor,Tiffany_Hamilton3302@muall.tech,Tiffany Hamilton,Tiffany_Hamilton8482@vetan.org,085-16-7324,Female,5531-7562-5876-4207,"Bales  Avenue, 1443"
100,Laboratory Technician,Aeris_Gregory1005@naiker.biz,Aeris Gregory,Aeris_Gregory771@jiman.org,232-52-1266,Female,7883-0087-2421-8571,"Garfield Crossroad, 5197"

